antecedents_names,consequents_names,support,confidence,lift
['Organic Raspberries'],['Organic Strawberries'],0.017794352690463505,0.30111792282726285,2.5940808754671028
['Organic Large Extra Fancy Fuji Apple'],['Bag of Organic Bananas'],0.010367607884922749,0.3365617433414043,2.040459923293979
['Organic Hass Avocado'],['Bag of Organic Bananas'],0.025785828449653703,0.33182503770739064,2.0117428804159307
['Organic Raspberries'],['Bag of Organic Bananas'],0.018966435801811402,0.32095203750450774,1.9458235607104684
['Organic Fuji Apple'],['Banana'],0.012892914224826852,0.37150752225974826,1.8619022195918709
['Organic Lemon'],['Bag of Organic Bananas'],0.011369206180074587,0.3044222539229672,1.8456090782086867
['Honeycrisp Apple'],['Banana'],0.013116675546084177,0.34666291185581527,1.7373872838656554
